{
    "BeQuite.012a8991-f297-11ef-b0c5-f12211979da4.jpeg": {},
    "BeQuite.025eaac3-f297-11ef-a48a-f12211979da4.jpeg": {},
    "BeQuite.0390fd65-f297-11ef-990f-f12211979da4.jpeg": {},
    "BeQuite.04c34de9-f297-11ef-af1f-f12211979da4.jpeg": {},
    "BeQuite.05f7cf69-f297-11ef-8ede-f12211979da4.jpeg": {},
    "BeQuite.072ad806-f297-11ef-81f3-f12211979da4.jpeg": {},
    "BeQuite.085f00ee-f297-11ef-84a9-f12211979da4.jpeg": {},
    "BeQuite.0991d27b-f297-11ef-b416-f12211979da4.jpeg": {},
    "BeQuite.0ac3fb6a-f297-11ef-aacc-f12211979da4.jpeg": {},
    "BeQuite.0bf65091-f297-11ef-83b0-f12211979da4.jpeg": {},
    "BeQuite.0d2a0642-f297-11ef-9f1a-f12211979da4.jpeg": {},
    "BeQuite.0e5d0b0e-f297-11ef-bddd-f12211979da4.jpeg": {},
    "BeQuite.0f906bb2-f297-11ef-b60c-f12211979da4.jpeg": {},
    "BeQuite.10c44306-f297-11ef-8c4e-f12211979da4.jpeg": {},
    "BeQuite.11f704bf-f297-11ef-961b-f12211979da4.jpeg": {},
    "BeQuite.13295fcf-f297-11ef-ab43-f12211979da4.jpeg": {},
    "BeQuite.145c6064-f297-11ef-967d-f12211979da4.jpeg": {},
    "BeQuite.158f9229-f297-11ef-afd1-f12211979da4.jpeg": {},
    "BeQuite.16c2d1a1-f297-11ef-b152-f12211979da4.jpeg": {},
    "BeQuite.17f59ad2-f297-11ef-82e3-f12211979da4.jpeg": {},
    "BeQuite.1929ce95-f297-11ef-b34b-f12211979da4.jpeg": {},
    "BeQuite.1a5cb148-f297-11ef-8f22-f12211979da4.jpeg": {},
    "BeQuite.1b8f5006-f297-11ef-a335-f12211979da4.jpeg": {},
    "BeQuite.1cc1f04a-f297-11ef-b7ce-f12211979da4.jpeg": {},
    "BeQuite.1df4e698-f297-11ef-99d0-f12211979da4.jpeg": {},
    "BeQuite.1f2796db-f297-11ef-845f-f12211979da4.jpeg": {},
    "BeQuite.205aca1e-f297-11ef-a74b-f12211979da4.jpeg": {},
    "BeQuite.218ef7eb-f297-11ef-b5f7-f12211979da4.jpeg": {},
    "BeQuite.22c347d3-f297-11ef-a2f4-f12211979da4.jpeg": {},
    "BeQuite.23f7b2a2-f297-11ef-90a5-f12211979da4.jpeg": {},
    "BeQuite.252a7107-f297-11ef-a83f-f12211979da4.jpeg": {},
    "BeQuite.265d7afc-f297-11ef-8b0b-f12211979da4.jpeg": {},
    "BeQuite.278fbe39-f297-11ef-a9d2-f12211979da4.jpeg": {},
    "BeQuite.ecbebeb6-f296-11ef-a392-f12211979da4.jpeg": {},
    "BeQuite.edf60234-f296-11ef-9575-f12211979da4.jpeg": {},
    "BeQuite.ef2ad91c-f296-11ef-a988-f12211979da4.jpeg": {},
    "BeQuite.f05d5bdc-f296-11ef-bfcd-f12211979da4.jpeg": {},
    "BeQuite.f1901f0d-f296-11ef-965c-f12211979da4.jpeg": {},
    "BeQuite.f2c2e535-f296-11ef-a5e5-f12211979da4.jpeg": {},
    "BeQuite.f3f59799-f296-11ef-9822-f12211979da4.jpeg": {},
    "BeQuite.f52a1c69-f296-11ef-8d3a-f12211979da4.jpeg": {},
    "BeQuite.f65c4e7a-f296-11ef-a0b2-f12211979da4.jpeg": {},
    "BeQuite.f78e9407-f296-11ef-9346-f12211979da4.jpeg": {},
    "BeQuite.f8c30369-f296-11ef-a4de-f12211979da4.jpeg": {},
    "BeQuite.f9f5390c-f296-11ef-a263-f12211979da4.jpeg": {},
    "BeQuite.fb2931af-f296-11ef-9902-f12211979da4.jpeg": {},
    "BeQuite.fc5b6ca2-f296-11ef-97bf-f12211979da4.jpeg": {},
    "BeQuite.fd9011aa-f296-11ef-ad62-f12211979da4.jpeg": {},
    "BeQuite.fec26d95-f296-11ef-84ae-f12211979da4.jpeg": {},
    "BeQuite.fff695b8-f296-11ef-bcd3-f12211979da4.jpeg": {}
}