{
    "ShowMe.0057dd42-f29a-11ef-8ba9-f12211979da4.jpeg": {},
    "ShowMe.018a8653-f29a-11ef-9899-f12211979da4.jpeg": {},
    "ShowMe.02bea094-f29a-11ef-ade9-f12211979da4.jpeg": {},
    "ShowMe.03f3082e-f29a-11ef-9ce8-f12211979da4.jpeg": {},
    "ShowMe.052be24f-f29a-11ef-8fe2-f12211979da4.jpeg": {},
    "ShowMe.066022b0-f29a-11ef-9465-f12211979da4.jpeg": {},
    "ShowMe.0796ff0d-f29a-11ef-adfd-f12211979da4.jpeg": {},
    "ShowMe.cc80a726-f299-11ef-878c-f12211979da4.jpeg": {},
    "ShowMe.cdb57489-f299-11ef-a6e8-f12211979da4.jpeg": {},
    "ShowMe.ceeacdb3-f299-11ef-b5d7-f12211979da4.jpeg": {},
    "ShowMe.d021bb33-f299-11ef-be2d-f12211979da4.jpeg": {},
    "ShowMe.d154717a-f299-11ef-9c2d-f12211979da4.jpeg": {},
    "ShowMe.d288cd9a-f299-11ef-a03a-f12211979da4.jpeg": {},
    "ShowMe.d3bcfbff-f299-11ef-b1d1-f12211979da4.jpeg": {},
    "ShowMe.d4f133df-f299-11ef-899c-f12211979da4.jpeg": {},
    "ShowMe.d629bc8d-f299-11ef-a728-f12211979da4.jpeg": {},
    "ShowMe.d75d2d59-f299-11ef-bd5a-f12211979da4.jpeg": {},
    "ShowMe.d88ff2b5-f299-11ef-a8c3-f12211979da4.jpeg": {},
    "ShowMe.d9c798f0-f299-11ef-b8af-f12211979da4.jpeg": {},
    "ShowMe.daf9b9ed-f299-11ef-833f-f12211979da4.jpeg": {},
    "ShowMe.dc2c3c9b-f299-11ef-a11c-f12211979da4.jpeg": {},
    "ShowMe.dd637274-f299-11ef-84d2-f12211979da4.jpeg": {},
    "ShowMe.de9a8514-f299-11ef-a5b4-f12211979da4.jpeg": {},
    "ShowMe.dfccf7f7-f299-11ef-92fe-f12211979da4.jpeg": {},
    "ShowMe.e100d7a8-f299-11ef-bdf3-f12211979da4.jpeg": {},
    "ShowMe.e233b791-f299-11ef-a1c9-f12211979da4.jpeg": {},
    "ShowMe.e36adb72-f299-11ef-b5a2-f12211979da4.jpeg": {},
    "ShowMe.e49d5162-f299-11ef-9983-f12211979da4.jpeg": {},
    "ShowMe.e5d140be-f299-11ef-afa3-f12211979da4.jpeg": {},
    "ShowMe.e705a37a-f299-11ef-944f-f12211979da4.jpeg": {},
    "ShowMe.e83a031b-f299-11ef-99de-f12211979da4.jpeg": {},
    "ShowMe.e96c3315-f299-11ef-bd2e-f12211979da4.jpeg": {},
    "ShowMe.ea9f43c3-f299-11ef-ad79-f12211979da4.jpeg": {},
    "ShowMe.ebd311f2-f299-11ef-a476-f12211979da4.jpeg": {},
    "ShowMe.ed0bcebe-f299-11ef-af61-f12211979da4.jpeg": {},
    "ShowMe.ee406be7-f299-11ef-8a4f-f12211979da4.jpeg": {},
    "ShowMe.ef747a5d-f299-11ef-9208-f12211979da4.jpeg": {},
    "ShowMe.f0a80264-f299-11ef-820a-f12211979da4.jpeg": {},
    "ShowMe.f1df0351-f299-11ef-b2eb-f12211979da4.jpeg": {},
    "ShowMe.f311642c-f299-11ef-a372-f12211979da4.jpeg": {},
    "ShowMe.f4455986-f299-11ef-913c-f12211979da4.jpeg": {},
    "ShowMe.f5798047-f299-11ef-bc22-f12211979da4.jpeg": {},
    "ShowMe.f6b293e4-f299-11ef-9ad4-f12211979da4.jpeg": {},
    "ShowMe.f7e5ebb5-f299-11ef-93a8-f12211979da4.jpeg": {},
    "ShowMe.f91d6ae0-f299-11ef-b4e1-f12211979da4.jpeg": {},
    "ShowMe.fa500558-f299-11ef-9bb0-f12211979da4.jpeg": {},
    "ShowMe.fb87a34d-f299-11ef-8531-f12211979da4.jpeg": {},
    "ShowMe.fcba7167-f299-11ef-9909-f12211979da4.jpeg": {},
    "ShowMe.fdec88da-f299-11ef-8026-f12211979da4.jpeg": {},
    "ShowMe.ff207160-f299-11ef-bb08-f12211979da4.jpeg": {}
}