{
    "YeahNiceOne.af565480-f292-11ef-8666-f12211979da4.jpeg": {},
    "YeahNiceOne.b08c8828-f292-11ef-a440-f12211979da4.jpeg": {},
    "YeahNiceOne.b1c27e28-f292-11ef-8396-f12211979da4.jpeg": {},
    "YeahNiceOne.b2f6c919-f292-11ef-b39c-f12211979da4.jpeg": {},
    "YeahNiceOne.b42d4a25-f292-11ef-b282-f12211979da4.jpeg": {},
    "YeahNiceOne.b560dc29-f292-11ef-891a-f12211979da4.jpeg": {},
    "YeahNiceOne.b694a9e9-f292-11ef-9c11-f12211979da4.jpeg": {},
    "YeahNiceOne.b7c8b56d-f292-11ef-917b-f12211979da4.jpeg": {},
    "YeahNiceOne.b8fcab0a-f292-11ef-bef8-f12211979da4.jpeg": {},
    "YeahNiceOne.ba335d1c-f292-11ef-9f2b-f12211979da4.jpeg": {},
    "YeahNiceOne.bb674d79-f292-11ef-a2f8-f12211979da4.jpeg": {},
    "YeahNiceOne.bc9b05ca-f292-11ef-bb87-f12211979da4.jpeg": {},
    "YeahNiceOne.bdcf178f-f292-11ef-a1a2-f12211979da4.jpeg": {},
    "YeahNiceOne.bf02f08a-f292-11ef-b919-f12211979da4.jpeg": {},
    "YeahNiceOne.c0372f9a-f292-11ef-a889-f12211979da4.jpeg": {},
    "YeahNiceOne.c16bbc67-f292-11ef-b0bb-f12211979da4.jpeg": {},
    "YeahNiceOne.c29f1819-f292-11ef-99db-f12211979da4.jpeg": {},
    "YeahNiceOne.c3d2cfa5-f292-11ef-9578-f12211979da4.jpeg": {},
    "YeahNiceOne.c506d757-f292-11ef-b3a0-f12211979da4.jpeg": {},
    "YeahNiceOne.c63a96cc-f292-11ef-8a11-f12211979da4.jpeg": {},
    "YeahNiceOne.c76ea97e-f292-11ef-a887-f12211979da4.jpeg": {},
    "YeahNiceOne.c8a31cb1-f292-11ef-aa4f-f12211979da4.jpeg": {},
    "YeahNiceOne.c9d99e84-f292-11ef-b39d-f12211979da4.jpeg": {},
    "YeahNiceOne.cb0dd422-f292-11ef-93c5-f12211979da4.jpeg": {},
    "YeahNiceOne.cc43efc8-f292-11ef-bf61-f12211979da4.jpeg": {},
    "YeahNiceOne.cd766b07-f292-11ef-9fc2-f12211979da4.jpeg": {
        "pose": [
            [
                0.5474882125854492,
                0.6682798266410828,
                0.03984184190630913
            ],
            [
                0.5280387997627258,
                0.6698896288871765,
                0.021700521931052208
            ],
            [
                0.5261210203170776,
                0.6711292266845703,
                0.021412573754787445
            ],
            [
                0.5241069793701172,
                0.6712844967842102,
                0.021036839112639427
            ],
            [
                0.5336913466453552,
                0.6652684807777405,
                -0.024848079308867455
            ],
            [
                0.5328524112701416,
                0.6643642783164978,
                -0.02500651217997074
            ],
            [
                0.532357931137085,
                0.6631371378898621,
                -0.02538735792040825
            ],
            [
                0.5169799327850342,
                0.6988832354545593,
                0.013273274526000023
            ],
            [
                0.529221773147583,
                0.6908921003341675,
                -0.19611914455890656
            ],
            [
                0.5517981052398682,
                0.6859918236732483,
                0.05268879979848862
            ],
            [
                0.5587737560272217,
                0.6816192269325256,
                -0.00879256334155798
            ],
            [
                0.5612204074859619,
                0.7672847509384155,
                0.07529725134372711
            ],
            [
                0.5815573930740356,
                0.7645439505577087,
                -0.24833962321281433
            ],
            [
                0.6201841235160828,
                0.6678839325904846,
                0.17420725524425507
            ],
            [
                0.6315523386001587,
                0.5862733125686646,
                -0.2632101774215698
            ],
            [
                0.5569075345993042,
                0.5642629861831665,
                0.12931813299655914
            ],
            [
                0.5437896847724915,
                0.4647383391857147,
                -0.10492654144763947
            ],
            [
                0.5410850048065186,
                0.5365320444107056,
                0.1226629763841629
            ],
            [
                0.5280864238739014,
                0.429507851600647,
                -0.11422022432088852
            ],
            [
                0.5300218462944031,
                0.48926621675491333,
                0.0963342934846878
            ],
            [
                0.5136300325393677,
                0.4337376058101654,
                -0.09687388688325882
            ],
            [
                0.5368536710739136,
                0.527721643447876,
                0.11429418623447418
            ],
            [
                0.5194529294967651,
                0.4486120641231537,
                -0.09337925165891647
            ],
            [
                0.8898603320121765,
                0.7313432097434998,
                0.07087791711091995
            ],
            [
                0.893717885017395,
                0.7851003408432007,
                -0.07050774991512299
            ],
            [
                1.1096315383911133,
                0.6948692202568054,
                0.1191159337759018
            ],
            [
                1.108311653137207,
                0.7719069719314575,
                -0.008713719435036182
            ],
            [
                1.2968732118606567,
                0.6800257563591003,
                0.4166073203086853
            ],
            [
                1.3158799409866333,
                0.7535986304283142,
                0.18911464512348175
            ],
            [
                1.3150455951690674,
                0.6833081841468811,
                0.4421080946922302
            ],
            [
                1.3415876626968384,
                0.7640569806098938,
                0.20429226756095886
            ],
            [
                1.36314058303833,
                0.6790781021118164,
                0.3197181522846222
            ],
            [
                1.3752734661102295,
                0.7233087420463562,
                0.03476933017373085
            ]
        ]
    },
    "YeahNiceOne.cea8aebb-f292-11ef-86d7-f12211979da4.jpeg": {},
    "YeahNiceOne.cfdd06e0-f292-11ef-9502-f12211979da4.jpeg": {},
    "YeahNiceOne.d10fc5f3-f292-11ef-b9d0-f12211979da4.jpeg": {
        "pose": [
            [
                0.554811954498291,
                0.7039960026741028,
                -0.4112130105495453
            ],
            [
                0.5522807836532593,
                0.7173720598220825,
                -0.43507900834083557
            ],
            [
                0.5496829748153687,
                0.7221091985702515,
                -0.43533143401145935
            ],
            [
                0.5472208261489868,
                0.7267521023750305,
                -0.43574458360671997
            ],
            [
                0.5601183176040649,
                0.7106843590736389,
                -0.4596949517726898
            ],
            [
                0.5626025795936584,
                0.7116278409957886,
                -0.4598473608493805
            ],
            [
                0.565015435218811,
                0.7126062512397766,
                -0.46003565192222595
            ],
            [
                0.5449869632720947,
                0.757800817489624,
                -0.41886577010154724
            ],
            [
                0.5711244940757751,
                0.7373343706130981,
                -0.5268716216087341
            ],
            [
                0.5521969795227051,
                0.7212621569633484,
                -0.38447511196136475
            ],
            [
                0.5595564842224121,
                0.715234637260437,
                -0.4168381094932556
            ],
            [
                0.559881865978241,
                0.7944661378860474,
                -0.30466407537460327
            ],
            [
                0.6026970148086548,
                0.7592839598655701,
                -0.42883729934692383
            ],
            [
                0.599541187286377,
                0.6953163743019104,
                -0.2119370996952057
            ],
            [
                0.6565796136856079,
                0.5848973393440247,
                -0.3758833706378937
            ],
            [
                0.5511387586593628,
                0.5283399820327759,
                -0.24082128703594208
            ],
            [
                0.5577637553215027,
                0.4777214825153351,
                -0.29749614000320435
            ],
            [
                0.5421468019485474,
                0.5021481513977051,
                -0.2608785331249237
            ],
            [
                0.544340968132019,
                0.435465008020401,
                -0.3283652663230896
            ],
            [
                0.5326881408691406,
                0.46880215406417847,
                -0.30066508054733276
            ],
            [
                0.5298967361450195,
                0.44204357266426086,
                -0.3220271170139313
            ],
            [
                0.5359617471694946,
                0.5080913305282593,
                -0.2585817873477936
            ],
            [
                0.5337090492248535,
                0.4553377032279968,
                -0.2949371635913849
            ],
            [
                0.8175145387649536,
                0.792239785194397,
                -2.2782291125622578e-05
            ],
            [
                0.8125970959663391,
                0.8010005950927734,
                0.0004447873798198998
            ],
            [
                0.9932478666305542,
                0.8238248229026794,
                0.09538023918867111
            ],
            [
                0.9941027760505676,
                0.82628333568573,
                0.09512002021074295
            ],
            [
                1.136716604232788,
                0.8149459958076477,
                0.39463990926742554
            ],
            [
                1.1699702739715576,
                0.8632387518882751,
                0.3135868310928345
            ],
            [
                1.1536277532577515,
                0.8158282041549683,
                0.4248295724391937
            ],
            [
                1.1903854608535767,
                0.8696529865264893,
                0.3352312445640564
            ],
            [
                1.1688905954360962,
                0.8186555504798889,
                0.3703218102455139
            ],
            [
                1.214414119720459,
                0.8750419616699219,
                0.2391071766614914
            ]
        ]
    },
    "YeahNiceOne.d243ce82-f292-11ef-ae7b-f12211979da4.jpeg": {
        "pose": [
            [
                0.50859135389328,
                0.6680393815040588,
                -0.5975058078765869
            ],
            [
                0.5084950923919678,
                0.6790711879730225,
                -0.6255240440368652
            ],
            [
                0.5060476064682007,
                0.6838601231575012,
                -0.6256170868873596
            ],
            [
                0.5038159489631653,
                0.6885515451431274,
                -0.6259489059448242
            ],
            [
                0.514803946018219,
                0.6701358556747437,
                -0.6415643692016602
            ],
            [
                0.5163397192955017,
                0.6700305342674255,
                -0.6416786909103394
            ],
            [
                0.5178283452987671,
                0.6698926687240601,
                -0.6418502330780029
            ],
            [
                0.4970683157444,
                0.7298936247825623,
                -0.5877686142921448
            ],
            [
                0.5210934281349182,
                0.6867246627807617,
                -0.6579031348228455
            ],
            [
                0.5038267374038696,
                0.6838045716285706,
                -0.5617213249206543
            ],
            [
                0.5094910860061646,
                0.676581621170044,
                -0.5831844806671143
            ],
            [
                0.5164937376976013,
                0.7671574354171753,
                -0.4317985475063324
            ],
            [
                0.550883412361145,
                0.6923488974571228,
                -0.4967239499092102
            ],
            [
                0.554154634475708,
                0.7472288012504578,
                -0.27915361523628235
            ],
            [
                0.6167473793029785,
                0.5521681308746338,
                -0.40353021025657654
            ],
            [
                0.5349702835083008,
                0.6614303588867188,
                -0.22493262588977814
            ],
            [
                0.5246270895004272,
                0.4511567950248718,
                -0.2880961298942566
            ],
            [
                0.5293892621994019,
                0.6516811847686768,
                -0.22860947251319885
            ],
            [
                0.5130654573440552,
                0.41259631514549255,
                -0.3033771812915802
            ],
            [
                0.5320038795471191,
                0.6284698247909546,
                -0.2568773627281189
            ],
            [
                0.5001416802406311,
                0.41878393292427063,
                -0.29306554794311523
            ],
            [
                0.533407986164093,
                0.6303849816322327,
                -0.23330625891685486
            ],
            [
                0.5034263730049133,
                0.43613678216934204,
                -0.28162187337875366
            ],
            [
                0.7696558833122253,
                0.7550060153007507,
                -0.006740954704582691
            ],
            [
                0.7589123845100403,
                0.7534982562065125,
                0.006837080232799053
            ],
            [
                0.9707832336425781,
                0.7886688113212585,
                -0.006755503360182047
            ],
            [
                0.98028963804245,
                0.7302529811859131,
                0.001992095960304141
            ],
            [
                1.0867081880569458,
                0.7999874949455261,
                0.4354144036769867
            ],
            [
                1.1089329719543457,
                0.8161062598228455,
                0.38158971071243286
            ],
            [
                1.095428466796875,
                0.806562066078186,
                0.48281294107437134
            ],
            [
                1.1159298419952393,
                0.8320977687835693,
                0.42539700865745544
            ],
            [
                1.1333061456680298,
                0.8043081760406494,
                0.47427481412887573
            ],
            [
                1.1698333024978638,
                0.8393802642822266,
                0.39978283643722534
            ]
        ]
    },
    "YeahNiceOne.d376a300-f292-11ef-8bc8-f12211979da4.jpeg": {},
    "YeahNiceOne.d4aa90bc-f292-11ef-b0fe-f12211979da4.jpeg": {},
    "YeahNiceOne.d5dd0e52-f292-11ef-a2b0-f12211979da4.jpeg": {},
    "YeahNiceOne.d7115567-f292-11ef-9942-f12211979da4.jpeg": {
        "pose": [
            [
                0.5397648811340332,
                0.6080772876739502,
                -0.541597306728363
            ],
            [
                0.5470910668373108,
                0.6167253851890564,
                -0.5730804800987244
            ],
            [
                0.5461559891700745,
                0.6237878203392029,
                -0.5731273293495178
            ],
            [
                0.5454088449478149,
                0.6306772232055664,
                -0.5734585523605347
            ],
            [
                0.5489416122436523,
                0.5978540182113647,
                -0.5785182118415833
            ],
            [
                0.5495046377182007,
                0.593805193901062,
                -0.5785884261131287
            ],
            [
                0.5500434637069702,
                0.5897617340087891,
                -0.5787620544433594
            ],
            [
                0.544127881526947,
                0.6554551720619202,
                -0.5438677668571472
            ],
            [
                0.5514153242111206,
                0.5937914252281189,
                -0.5661405920982361
            ],
            [
                0.5346176624298096,
                0.6283612847328186,
                -0.5094651579856873
            ],
            [
                0.5364637970924377,
                0.6094644665718079,
                -0.5168657898902893
            ],
            [
                0.5478438138961792,
                0.7166698575019836,
                -0.3765198588371277
            ],
            [
                0.5546685457229614,
                0.5882897973060608,
                -0.390254408121109
            ],
            [
                0.5832405090332031,
                0.721584677696228,
                -0.14021247625350952
            ],
            [
                0.6234084367752075,
                0.47963666915893555,
                -0.1978032886981964
            ],
            [
                0.5623025894165039,
                0.7111759185791016,
                0.00612714234739542
            ],
            [
                0.5589062571525574,
                0.37358707189559937,
                -0.05662534385919571
            ],
            [
                0.5595372915267944,
                0.7164814472198486,
                0.010178335011005402
            ],
            [
                0.5541022419929504,
                0.3362019658088684,
                -0.06245888024568558
            ],
            [
                0.5589578151702881,
                0.7015931606292725,
                -0.011429306119680405
            ],
            [
                0.541893720626831,
                0.34432947635650635,
                -0.0707118809223175
            ],
            [
                0.5571479797363281,
                0.6961767673492432,
                0.004395789932459593
            ],
            [
                0.5440681576728821,
                0.3622446060180664,
                -0.05348735302686691
            ],
            [
                0.7039236426353455,
                0.6445576548576355,
                -0.018487874418497086
            ],
            [
                0.6932437419891357,
                0.6005650758743286,
                0.018773049116134644
            ],
            [
                0.7927141189575195,
                0.7013716101646423,
                0.14275559782981873
            ],
            [
                0.7964329719543457,
                0.6267386078834534,
                0.171595960855484
            ],
            [
                0.7915744781494141,
                0.683705747127533,
                0.541569173336029
            ],
            [
                0.7738734483718872,
                0.6337548494338989,
                0.6033973693847656
            ],
            [
                0.7894662618637085,
                0.6842502951622009,
                0.5884481072425842
            ],
            [
                0.7667096257209778,
                0.6443738341331482,
                0.6558542847633362
            ],
            [
                0.7852339148521423,
                0.6722355484962463,
                0.6043004989624023
            ],
            [
                0.7691476345062256,
                0.6189380288124084,
                0.67314213514328
            ]
        ]
    },
    "YeahNiceOne.d8478643-f292-11ef-ab90-f12211979da4.jpeg": {
        "pose": [
            [
                0.5292309522628784,
                0.5918170809745789,
                -0.3052653670310974
            ],
            [
                0.5312851667404175,
                0.6030443906784058,
                -0.3348161280155182
            ],
            [
                0.5295895338058472,
                0.6085766553878784,
                -0.3349902927875519
            ],
            [
                0.528009295463562,
                0.6139203310012817,
                -0.3353300392627716
            ],
            [
                0.5351985096931458,
                0.5901979804039001,
                -0.3398222327232361
            ],
            [
                0.5363321900367737,
                0.587675154209137,
                -0.3398386538028717
            ],
            [
                0.5374083518981934,
                0.5851648449897766,
                -0.3401361405849457
            ],
            [
                0.5242800712585449,
                0.6341857314109802,
                -0.3394765257835388
            ],
            [
                0.5382879972457886,
                0.5930500030517578,
                -0.3573766350746155
            ],
            [
                0.5257031917572021,
                0.6052356958389282,
                -0.28993481397628784
            ],
            [
                0.5297020673751831,
                0.590606153011322,
                -0.29616019129753113
            ],
            [
                0.5216004252433777,
                0.6500181555747986,
                -0.23277366161346436
            ],
            [
                0.5530309081077576,
                0.5930139422416687,
                -0.24703721702098846
            ],
            [
                0.5580964684486389,
                0.6209536790847778,
                -0.05922190099954605
            ],
            [
                0.6054847240447998,
                0.43407928943634033,
                -0.10636415332555771
            ],
            [
                0.5323456525802612,
                0.5966599583625793,
                0.04659179970622063
            ],
            [
                0.5414885878562927,
                0.29214832186698914,
                -0.002709683496505022
            ],
            [
                0.5219683051109314,
                0.6010987758636475,
                0.05047687888145447
            ],
            [
                0.5366570949554443,
                0.2558148205280304,
                -0.019717276096343994
            ],
            [
                0.5140897035598755,
                0.5816028118133545,
                0.02630210481584072
            ],
            [
                0.518619179725647,
                0.26254209876060486,
                -0.010256296955049038
            ],
            [
                0.5150958299636841,
                0.5797325968742371,
                0.0423540361225605
            ],
            [
                0.5198724269866943,
                0.27294501662254333,
                0.0034806099720299244
            ],
            [
                0.686522364616394,
                0.6022008657455444,
                -0.02851732447743416
            ],
            [
                0.6861776113510132,
                0.5854277014732361,
                0.028706928715109825
            ],
            [
                0.7133999466896057,
                0.6464380025863647,
                0.2650768458843231
            ],
            [
                0.6893259286880493,
                0.5794039368629456,
                0.2797696590423584
            ],
            [
                0.6783226132392883,
                0.6534191966056824,
                0.5854732394218445
            ],
            [
                0.6540427207946777,
                0.6176328063011169,
                0.6167096495628357
            ],
            [
                0.6712307333946228,
                0.6515740156173706,
                0.6214739084243774
            ],
            [
                0.6493927836418152,
                0.6292994618415833,
                0.6541939377784729
            ],
            [
                0.6694819927215576,
                0.655141294002533,
                0.6286805272102356
            ],
            [
                0.6407861709594727,
                0.6162827014923096,
                0.653475821018219
            ]
        ]
    },
    "YeahNiceOne.d979eec7-f292-11ef-903c-f12211979da4.jpeg": {
        "pose": [
            [
                0.5441197156906128,
                0.6193224787712097,
                -0.29604682326316833
            ],
            [
                0.5488803386688232,
                0.6349950432777405,
                -0.3351326286792755
            ],
            [
                0.5475391149520874,
                0.6414681673049927,
                -0.3352743685245514
            ],
            [
                0.5462815165519714,
                0.6478973031044006,
                -0.3354729413986206
            ],
            [
                0.5523278713226318,
                0.6173576712608337,
                -0.33855095505714417
            ],
            [
                0.5535219311714172,
                0.6120414137840271,
                -0.3386039733886719
            ],
            [
                0.5547032952308655,
                0.6066839694976807,
                -0.33876094222068787
            ],
            [
                0.5451076030731201,
                0.66391921043396,
                -0.3865415155887604
            ],
            [
                0.5577282309532166,
                0.6063339710235596,
                -0.3984105885028839
            ],
            [
                0.540722668170929,
                0.629152238368988,
                -0.2979438006877899
            ],
            [
                0.5441185235977173,
                0.608586847782135,
                -0.301960825920105
            ],
            [
                0.5343496203422546,
                0.6859586238861084,
                -0.2822428047657013
            ],
            [
                0.5743889808654785,
                0.5810571312904358,
                -0.3249354064464569
            ],
            [
                0.5702437162399292,
                0.6617148518562317,
                -0.1444217413663864
            ],
            [
                0.6379318833351135,
                0.43505847454071045,
                -0.20488479733467102
            ],
            [
                0.552789568901062,
                0.6360871195793152,
                -0.07381835579872131
            ],
            [
                0.5507621169090271,
                0.3388049304485321,
                -0.13065873086452484
            ],
            [
                0.5423121452331543,
                0.6438199281692505,
                -0.07896250486373901
            ],
            [
                0.5407135486602783,
                0.2995423972606659,
                -0.15846917033195496
            ],
            [
                0.535101056098938,
                0.6244391798973083,
                -0.10414975881576538
            ],
            [
                0.5232967734336853,
                0.3060193359851837,
                -0.15017318725585938
            ],
            [
                0.5382983684539795,
                0.619476318359375,
                -0.079909548163414
            ],
            [
                0.5285965800285339,
                0.3224353492259979,
                -0.12743030488491058
            ],
            [
                0.6633772850036621,
                0.6325054168701172,
                0.005016263108700514
            ],
            [
                0.6808698177337646,
                0.5867306590080261,
                -0.00460696779191494
            ],
            [
                0.6254579424858093,
                0.6569002866744995,
                0.2973438501358032
            ],
            [
                0.626641035079956,
                0.5707574486732483,
                0.23546576499938965
            ],
            [
                0.6117616891860962,
                0.6280378103256226,
                0.6459466814994812
            ],
            [
                0.5992708206176758,
                0.5813354849815369,
                0.621192216873169
            ],
            [
                0.6121411323547363,
                0.6153287887573242,
                0.6829406023025513
            ],
            [
                0.6028029918670654,
                0.5846092104911804,
                0.6611284017562866
            ],
            [
                0.5921934843063354,
                0.617759644985199,
                0.6691330075263977
            ],
            [
                0.5688216090202332,
                0.5733806490898132,
                0.6471129059791565
            ]
        ]
    },
    "YeahNiceOne.daad89a0-f292-11ef-a5f9-f12211979da4.jpeg": {
        "pose": [
            [
                0.5941030979156494,
                0.610641360282898,
                0.30272376537323
            ],
            [
                0.5862997770309448,
                0.6250002980232239,
                0.2796252965927124
            ],
            [
                0.5839318037033081,
                0.631725549697876,
                0.2795056402683258
            ],
            [
                0.5817307233810425,
                0.6384626030921936,
                0.27913373708724976
            ],
            [
                0.5916831493377686,
                0.6151811480522156,
                0.2626093626022339
            ],
            [
                0.5927672386169434,
                0.6139857769012451,
                0.2626132667064667
            ],
            [
                0.5936897993087769,
                0.6126615405082703,
                0.2621860206127167
            ],
            [
                0.5714874267578125,
                0.6713278293609619,
                0.19148197770118713
            ],
            [
                0.5899028778076172,
                0.6377981901168823,
                0.11539538204669952
            ],
            [
                0.591049075126648,
                0.634067177772522,
                0.2755763828754425
            ],
            [
                0.5964056849479675,
                0.6235193610191345,
                0.252532958984375
            ],
            [
                0.5841327905654907,
                0.7352432608604431,
                0.11519812047481537
            ],
            [
                0.6024689674377441,
                0.6643171310424805,
                0.028242114931344986
            ],
            [
                0.640670895576477,
                0.7222198247909546,
                0.21732373535633087
            ],
            [
                0.6492958068847656,
                0.5335677266120911,
                -0.08804120868444443
            ],
            [
                0.6272585391998291,
                0.6527820229530334,
                0.2938675582408905
            ],
            [
                0.5807338356971741,
                0.39448082447052,
                -0.11939917504787445
            ],
            [
                0.6265106201171875,
                0.6413743495941162,
                0.29850664734840393
            ],
            [
                0.5691407918930054,
                0.3487793505191803,
                -0.12153474986553192
            ],
            [
                0.6176084876060486,
                0.6258565187454224,
                0.29942482709884644
            ],
            [
                0.5547728538513184,
                0.3505731225013733,
                -0.10429604351520538
            ],
            [
                0.6190134286880493,
                0.6313046813011169,
                0.2977617383003235
            ],
            [
                0.5564005970954895,
                0.3666989207267761,
                -0.11020437628030777
            ],
            [
                0.8136492967605591,
                0.6754381656646729,
                0.006056239362806082
            ],
            [
                0.8020504117012024,
                0.6725102066993713,
                -0.00607324531301856
            ],
            [
                1.0094202756881714,
                0.6423141360282898,
                0.0602346733212471
            ],
            [
                1.0111746788024902,
                0.6919258236885071,
                0.10527355968952179
            ],
            [
                1.1833620071411133,
                0.6151373386383057,
                0.2093435525894165
            ],
            [
                1.196732521057129,
                0.6644548773765564,
                0.24899372458457947
            ],
            [
                1.2081037759780884,
                0.6077415943145752,
                0.22112402319908142
            ],
            [
                1.2191948890686035,
                0.6609504222869873,
                0.2618882358074188
            ],
            [
                1.2235207557678223,
                0.6269915699958801,
                0.12062017619609833
            ],
            [
                1.2496559619903564,
                0.6619297862052917,
                0.1343555897474289
            ]
        ]
    },
    "YeahNiceOne.dbe729c3-f292-11ef-bcbb-f12211979da4.jpeg": {
        "pose": [
            [
                0.6145581007003784,
                0.6231092810630798,
                0.04648866876959801
            ],
            [
                0.6203131675720215,
                0.6541391611099243,
                0.04781113564968109
            ],
            [
                0.6112962961196899,
                0.6575151085853577,
                0.047535330057144165
            ],
            [
                0.6088737845420837,
                0.6556652784347534,
                0.04719971492886543
            ],
            [
                0.615257740020752,
                0.6322361826896667,
                0.020597761496901512
            ],
            [
                0.6168109178543091,
                0.6361514925956726,
                0.02059219777584076
            ],
            [
                0.6183057427406311,
                0.6399370431900024,
                0.020250000059604645
            ],
            [
                0.6024659276008606,
                0.6606361269950867,
                0.07815373688936234
            ],
            [
                0.6191607713699341,
                0.6767190098762512,
                -0.04510977864265442
            ],
            [
                0.6137529611587524,
                0.639155387878418,
                0.06499619781970978
            ],
            [
                0.6179660558700562,
                0.6434876322746277,
                0.028412964195013046
            ],
            [
                0.5978466868400574,
                0.6728714108467102,
                0.05075512453913689
            ],
            [
                0.6433398127555847,
                0.7622860670089722,
                -0.07467613369226456
            ],
            [
                0.641184389591217,
                0.607801079750061,
                -0.04316607490181923
            ],
            [
                0.6684228777885437,
                0.6595268249511719,
                -0.22000236809253693
            ],
            [
                0.6299701929092407,
                0.4423859715461731,
                -0.21708722412586212
            ],
            [
                0.6205689907073975,
                0.5031657814979553,
                -0.2923325300216675
            ],
            [
                0.6248279809951782,
                0.4047642946243286,
                -0.2536810338497162
            ],
            [
                0.6268205046653748,
                0.46992480754852295,
                -0.31747519969940186
            ],
            [
                0.6185011267662048,
                0.3924618363380432,
                -0.27057260274887085
            ],
            [
                0.614844799041748,
                0.43914079666137695,
                -0.297372430562973
            ],
            [
                0.6222643852233887,
                0.410009503364563,
                -0.23024673759937286
            ],
            [
                0.6172894835472107,
                0.47532781958580017,
                -0.28555116057395935
            ],
            [
                0.77971351146698,
                0.6219541430473328,
                0.018650434911251068
            ],
            [
                0.7994348406791687,
                0.6945299506187439,
                -0.018493881449103355
            ],
            [
                0.9363311529159546,
                0.6311736702919006,
                0.0964803397655487
            ],
            [
                0.9527031779289246,
                0.6329948902130127,
                0.0026817936450242996
            ],
            [
                1.0624477863311768,
                0.5369121432304382,
                0.32678523659706116
            ],
            [
                1.0751612186431885,
                0.5629288554191589,
                0.26327991485595703
            ],
            [
                1.073306918144226,
                0.5193977952003479,
                0.3533878028392792
            ],
            [
                1.0829851627349854,
                0.5492209792137146,
                0.2897806763648987
            ],
            [
                1.11787748336792,
                0.5089375376701355,
                0.3374199867248535
            ],
            [
                1.134251594543457,
                0.5207808613777161,
                0.2493027001619339
            ]
        ]
    },
    "YeahNiceOne.dd1e67aa-f292-11ef-ad0b-f12211979da4.jpeg": {
        "pose": [
            [
                0.6117740869522095,
                0.647013783454895,
                0.19247476756572723
            ],
            [
                0.6055340766906738,
                0.643770158290863,
                0.19428633153438568
            ],
            [
                0.6052120923995972,
                0.6422742605209351,
                0.1942884474992752
            ],
            [
                0.6045178771018982,
                0.6403887271881104,
                0.1939530223608017
            ],
            [
                0.603243887424469,
                0.6475235819816589,
                0.17404013872146606
            ],
            [
                0.601593017578125,
                0.6491701006889343,
                0.1741330921649933
            ],
            [
                0.6000450253486633,
                0.654720664024353,
                0.17391009628772736
            ],
            [
                0.5979191064834595,
                0.6533059477806091,
                0.22087779641151428
            ],
            [
                0.601261556148529,
                0.674332320690155,
                0.12896564602851868
            ],
            [
                0.6118966341018677,
                0.6330506801605225,
                0.2054637372493744
            ],
            [
                0.6154419183731079,
                0.639265775680542,
                0.17766395211219788
            ],
            [
                0.6263002753257751,
                0.6621014475822449,
                0.1885574907064438
            ],
            [
                0.6448962688446045,
                0.7427662014961243,
                0.05581286549568176
            ],
            [
                0.6791472434997559,
                0.5991305112838745,
                0.1404782384634018
            ],
            [
                0.681983470916748,
                0.6230222582817078,
                -0.05662085488438606
            ],
            [
                0.6529024839401245,
                0.540900468826294,
                0.057248879224061966
            ],
            [
                0.6499225497245789,
                0.4497029483318329,
                0.012033636681735516
            ],
            [
                0.6465087532997131,
                0.5257930755615234,
                0.04001820087432861
            ],
            [
                0.6442700028419495,
                0.390127956867218,
                0.02147829532623291
            ],
            [
                0.638253390789032,
                0.5274202823638916,
                0.05123119428753853
            ],
            [
                0.6318150162696838,
                0.3879176080226898,
                0.04740629717707634
            ],
            [
                0.6420905590057373,
                0.5375775098800659,
                0.05912623554468155
            ],
            [
                0.6367607116699219,
                0.4109983444213867,
                0.026693593710660934
            ],
            [
                0.8167449831962585,
                0.6251466274261475,
                0.021791649982333183
            ],
            [
                0.8095024824142456,
                0.7130140662193298,
                -0.021252132952213287
            ],
            [
                1.0247199535369873,
                0.5967405438423157,
                0.014439170248806477
            ],
            [
                1.0258647203445435,
                0.7108268737792969,
                0.03871747478842735
            ],
            [
                1.2026326656341553,
                0.5786061882972717,
                0.11908614635467529
            ],
            [
                1.2153429985046387,
                0.6615378856658936,
                0.1204553097486496
            ],
            [
                1.2263883352279663,
                0.5791305303573608,
                0.1268923282623291
            ],
            [
                1.236794352531433,
                0.6561659574508667,
                0.12444598972797394
            ],
            [
                1.264192819595337,
                0.5747503042221069,
                -0.015242191962897778
            ],
            [
                1.2833057641983032,
                0.6329332590103149,
                -0.05404461547732353
            ]
        ]
    },
    "YeahNiceOne.de510910-f292-11ef-8f1b-f12211979da4.jpeg": {},
    "YeahNiceOne.df833cca-f292-11ef-8958-f12211979da4.jpeg": {
        "pose": [
            [
                0.6039615273475647,
                0.6362718343734741,
                -0.4171368181705475
            ],
            [
                0.6150645613670349,
                0.6481197476387024,
                -0.4532153606414795
            ],
            [
                0.6149424314498901,
                0.6549338102340698,
                -0.45332226157188416
            ],
            [
                0.6148667931556702,
                0.6617627739906311,
                -0.45355916023254395
            ],
            [
                0.6162816286087036,
                0.626032292842865,
                -0.45153674483299255
            ],
            [
                0.6173064708709717,
                0.6184747219085693,
                -0.4515479505062103
            ],
            [
                0.6182923316955566,
                0.6108419299125671,
                -0.4515734612941742
            ],
            [
                0.6211172342300415,
                0.6754629611968994,
                -0.4722258150577545
            ],
            [
                0.6280192136764526,
                0.5994884967803955,
                -0.4641408324241638
            ],
            [
                0.6042820811271667,
                0.6464998126029968,
                -0.40558475255966187
            ],
            [
                0.6055660247802734,
                0.6216768622398376,
                -0.403809130191803
            ],
            [
                0.6144289374351501,
                0.7347988486289978,
                -0.3037060797214508
            ],
            [
                0.6404809951782227,
                0.5453763604164124,
                -0.3391285538673401
            ],
            [
                0.611985445022583,
                0.741361677646637,
                -0.028932178393006325
            ],
            [
                0.6716974973678589,
                0.5072021484375,
                -0.043055858463048935
            ],
            [
                0.5955317616462708,
                0.7199570536613464,
                0.22072765231132507
            ],
            [
                0.6500548124313354,
                0.5085152387619019,
                0.2138279676437378
            ],
            [
                0.5846738815307617,
                0.7337890863418579,
                0.24034488201141357
            ],
            [
                0.6401932239532471,
                0.49704745411872864,
                0.2395213097333908
            ],
            [
                0.5842697620391846,
                0.7073372602462769,
                0.23003041744232178
            ],
            [
                0.6335412263870239,
                0.5213857889175415,
                0.22223444283008575
            ],
            [
                0.5892817378044128,
                0.6972839832305908,
                0.223880335688591
            ],
            [
                0.6354173421859741,
                0.529208779335022,
                0.21507544815540314
            ],
            [
                0.7347673773765564,
                0.6693376302719116,
                0.02584991417825222
            ],
            [
                0.738983690738678,
                0.580304741859436,
                -0.025736074894666672
            ],
            [
                0.6761676669120789,
                0.7212251424789429,
                0.3262102007865906
            ],
            [
                0.6247009038925171,
                0.5756906867027283,
                0.21241669356822968
            ],
            [
                0.6507296562194824,
                0.645202100276947,
                0.7821081876754761
            ],
            [
                0.6166450381278992,
                0.5295300483703613,
                0.6043881773948669
            ],
            [
                0.6568307876586914,
                0.6221430897712708,
                0.8342215418815613
            ],
            [
                0.6300396919250488,
                0.5181576013565063,
                0.6514772772789001
            ],
            [
                0.6064128279685974,
                0.6336882710456848,
                0.8455896377563477
            ],
            [
                0.5727259516716003,
                0.5236213803291321,
                0.6773531436920166
            ]
        ]
    },
    "YeahNiceOne.e0b6796f-f292-11ef-ad4e-f12211979da4.jpeg": {
        "pose": [
            [
                0.6041728258132935,
                0.541269838809967,
                -0.1336575597524643
            ],
            [
                0.6112062335014343,
                0.5453904867172241,
                -0.15958307683467865
            ],
            [
                0.6108032464981079,
                0.55137038230896,
                -0.15982696413993835
            ],
            [
                0.6106287837028503,
                0.5571609139442444,
                -0.16018427908420563
            ],
            [
                0.6138012409210205,
                0.5329844355583191,
                -0.17613783478736877
            ],
            [
                0.6152496337890625,
                0.5321549773216248,
                -0.17618612945079803
            ],
            [
                0.6167348027229309,
                0.5311455130577087,
                -0.17648714780807495
            ],
            [
                0.6126804351806641,
                0.5930935740470886,
                -0.18968898057937622
            ],
            [
                0.6226658821105957,
                0.5552016496658325,
                -0.2643589675426483
            ],
            [
                0.6018089056015015,
                0.5704214572906494,
                -0.13029460608959198
            ],
            [
                0.6033720970153809,
                0.5586589574813843,
                -0.15281973779201508
            ],
            [
                0.6144809722900391,
                0.6879022121429443,
                -0.14676553010940552
            ],
            [
                0.6411765217781067,
                0.6108903288841248,
                -0.16416512429714203
            ],
            [
                0.6481163501739502,
                0.7282635569572449,
                0.06270916759967804
            ],
            [
                0.6648874878883362,
                0.4899895489215851,
                -0.06914903223514557
            ],
            [
                0.6525260806083679,
                0.6939030289649963,
                0.23329445719718933
            ],
            [
                0.6614106893539429,
                0.3235184848308563,
                0.026191502809524536
            ],
            [
                0.657795250415802,
                0.694885790348053,
                0.24916677176952362
            ],
            [
                0.65923672914505,
                0.28020715713500977,
                0.031855762004852295
            ],
            [
                0.6552566885948181,
                0.6797811985015869,
                0.2405206263065338
            ],
            [
                0.6460510492324829,
                0.28213223814964294,
                0.032892681658267975
            ],
            [
                0.6521782875061035,
                0.679442822933197,
                0.23882241547107697
            ],
            [
                0.6470667123794556,
                0.29266923666000366,
                0.03333509713411331
            ],
            [
                0.7912810444831848,
                0.604927122592926,
                -0.029288500547409058
            ],
            [
                0.7937062978744507,
                0.6020373702049255,
                0.02958543226122856
            ],
            [
                0.9410668611526489,
                0.6261180639266968,
                0.13285154104232788
            ],
            [
                0.9402933120727539,
                0.6005513668060303,
                0.17313696444034576
            ],
            [
                1.0793511867523193,
                0.5764606595039368,
                0.3852357566356659
            ],
            [
                1.0700324773788452,
                0.5696334838867188,
                0.43799129128456116
            ],
            [
                1.0969113111495972,
                0.5593721866607666,
                0.4124874472618103
            ],
            [
                1.083526611328125,
                0.5607141852378845,
                0.468193382024765
            ],
            [
                1.1216403245925903,
                0.593061089515686,
                0.4099692404270172
            ],
            [
                1.1156060695648193,
                0.5753186345100403,
                0.4611847400665283
            ]
        ]
    },
    "YeahNiceOne.e1e8b4f8-f292-11ef-8c82-f12211979da4.jpeg": {},
    "YeahNiceOne.e31ffabb-f292-11ef-adcb-f12211979da4.jpeg": {
        "pose": [
            [
                0.5201912522315979,
                0.6208505034446716,
                0.3027656078338623
            ],
            [
                0.5109174251556396,
                0.6200246810913086,
                0.2853226065635681
            ],
            [
                0.505776584148407,
                0.6217658519744873,
                0.28513696789741516
            ],
            [
                0.5040946006774902,
                0.6230983734130859,
                0.2847728431224823
            ],
            [
                0.5115748643875122,
                0.6203272938728333,
                0.28036847710609436
            ],
            [
                0.511151909828186,
                0.6213831305503845,
                0.28048816323280334
            ],
            [
                0.510831356048584,
                0.6229022741317749,
                0.28020328283309937
            ],
            [
                0.5017412900924683,
                0.6446743011474609,
                0.23971521854400635
            ],
            [
                0.5134683847427368,
                0.6425549983978271,
                0.2149210274219513
            ],
            [
                0.5247589349746704,
                0.6260629892349243,
                0.2916186451911926
            ],
            [
                0.5292156338691711,
                0.6275644898414612,
                0.2835250496864319
            ],
            [
                0.5324211716651917,
                0.6701694130897522,
                0.1872713267803192
            ],
            [
                0.5432324409484863,
                0.6424251794815063,
                0.15841703116893768
            ],
            [
                0.5713252425193787,
                0.6433346271514893,
                0.15498724579811096
            ],
            [
                0.5699944496154785,
                0.5027549862861633,
                0.06331941485404968
            ],
            [
                0.563381552696228,
                0.6188139319419861,
                0.1582554131746292
            ],
            [
                0.5311627388000488,
                0.3612517714500427,
                0.08377224951982498
            ],
            [
                0.5616682767868042,
                0.6168898344039917,
                0.14940062165260315
            ],
            [
                0.5255927443504333,
                0.31145498156547546,
                0.0800459161400795
            ],
            [
                0.5556068420410156,
                0.6133188605308533,
                0.16733744740486145
            ],
            [
                0.5129997134208679,
                0.3123668432235718,
                0.10737873613834381
            ],
            [
                0.5586700439453125,
                0.6161431670188904,
                0.16750681400299072
            ],
            [
                0.514372706413269,
                0.3246801495552063,
                0.096802718937397
            ],
            [
                0.7365480661392212,
                0.6142056584358215,
                -0.010334321297705173
            ],
            [
                0.7349638938903809,
                0.6476450562477112,
                0.01025664247572422
            ],
            [
                0.9446729421615601,
                0.6127191781997681,
                0.06077369302511215
            ],
            [
                0.9468597173690796,
                0.6912767887115479,
                0.14360208809375763
            ],
            [
                1.1156630516052246,
                0.6008580923080444,
                0.1799507439136505
            ],
            [
                1.1271636486053467,
                0.6587684154510498,
                0.30664554238319397
            ],
            [
                1.1424869298934937,
                0.5956859588623047,
                0.1925967037677765
            ],
            [
                1.1495474576950073,
                0.6492820978164673,
                0.3224639892578125
            ],
            [
                1.1740059852600098,
                0.6241594552993774,
                0.10928098857402802
            ],
            [
                1.1895915269851685,
                0.6460695862770081,
                0.21837913990020752
            ]
        ]
    },
    "YeahNiceOne.e452514a-f292-11ef-8b26-f12211979da4.jpeg": {},
    "YeahNiceOne.e587c5fb-f292-11ef-8e40-f12211979da4.jpeg": {
        "pose": [
            [
                0.5571962594985962,
                0.6068204045295715,
                0.27360156178474426
            ],
            [
                0.5453497171401978,
                0.6063007116317749,
                0.2602248787879944
            ],
            [
                0.544716477394104,
                0.6060138940811157,
                0.26009467244148254
            ],
            [
                0.5437909364700317,
                0.6056770086288452,
                0.2598000168800354
            ],
            [
                0.5452367067337036,
                0.6067678928375244,
                0.24826094508171082
            ],
            [
                0.5446666479110718,
                0.6070069074630737,
                0.2483501136302948
            ],
            [
                0.5439581871032715,
                0.6073553562164307,
                0.24802878499031067
            ],
            [
                0.5415918827056885,
                0.6221607327461243,
                0.23427057266235352
            ],
            [
                0.5424365997314453,
                0.6220679879188538,
                0.17949526011943817
            ],
            [
                0.5619953274726868,
                0.6115856170654297,
                0.27286213636398315
            ],
            [
                0.5572819113731384,
                0.606637179851532,
                0.2557132840156555
            ],
            [
                0.5564347505569458,
                0.6491408944129944,
                0.16896650195121765
            ],
            [
                0.5583035349845886,
                0.6530762314796448,
                0.11123490333557129
            ],
            [
                0.5812128186225891,
                0.6697385311126709,
                0.08080006390810013
            ],
            [
                0.5822697281837463,
                0.5346458554267883,
                -0.07628471404314041
            ],
            [
                0.5884946584701538,
                0.6598297357559204,
                0.03763292729854584
            ],
            [
                0.5378940105438232,
                0.35638755559921265,
                -0.12267832458019257
            ],
            [
                0.592886745929718,
                0.6590038537979126,
                0.023829929530620575
            ],
            [
                0.5379056930541992,
                0.31845787167549133,
                -0.135721355676651
            ],
            [
                0.5909020900726318,
                0.6532425284385681,
                0.04986778274178505
            ],
            [
                0.5275232791900635,
                0.3213212192058563,
                -0.09819347411394119
            ],
            [
                0.5906252264976501,
                0.6540759801864624,
                0.047474075108766556
            ],
            [
                0.5274945497512817,
                0.33229777216911316,
                -0.108916737139225
            ],
            [
                0.7684047222137451,
                0.6055209636688232,
                -0.0018140723695978522
            ],
            [
                0.765095591545105,
                0.6535025238990784,
                0.00170960056129843
            ],
            [
                0.9529191255569458,
                0.6118680238723755,
                0.007905719801783562
            ],
            [
                0.9506804347038269,
                0.680696427822113,
                0.05604224279522896
            ],
            [
                1.0938408374786377,
                0.6154891848564148,
                0.24246446788311005
            ],
            [
                1.1135835647583008,
                0.666312038898468,
                0.24342802166938782
            ],
            [
                1.111423373222351,
                0.6171554923057556,
                0.26693445444107056
            ],
            [
                1.1345330476760864,
                0.6641571521759033,
                0.2625761330127716
            ],
            [
                1.1564075946807861,
                0.6257465481758118,
                0.19591279327869415
            ],
            [
                1.1712565422058105,
                0.6440370082855225,
                0.15295162796974182
            ]
        ]
    },
    "YeahNiceOne.e6bc4489-f292-11ef-a8f2-f12211979da4.jpeg": {
        "pose": [
            [
                0.5136432647705078,
                0.6762732267379761,
                0.3780384361743927
            ],
            [
                0.5053355693817139,
                0.7001046538352966,
                0.36051738262176514
            ],
            [
                0.5045361518859863,
                0.7031320333480835,
                0.3602266013622284
            ],
            [
                0.5001344680786133,
                0.685577392578125,
                0.35972824692726135
            ],
            [
                0.5051237344741821,
                0.6915052533149719,
                0.3571033179759979
            ],
            [
                0.5045775175094604,
                0.6887760758399963,
                0.3571956753730774
            ],
            [
                0.5034632682800293,
                0.6871885061264038,
                0.35687536001205444
            ],
            [
                0.49721017479896545,
                0.7053861618041992,
                0.2963135242462158
            ],
            [
                0.5115774273872375,
                0.7030503153800964,
                0.28083643317222595
            ],
            [
                0.514695405960083,
                0.6864585280418396,
                0.35930049419403076
            ],
            [
                0.5190027952194214,
                0.6888640522956848,
                0.35396260023117065
            ],
            [
                0.5137999057769775,
                0.7800037860870361,
                0.20905272662639618
            ],
            [
                0.5306441783905029,
                0.6838175654411316,
                0.21075764298439026
            ],
            [
                0.5846092700958252,
                0.6582998037338257,
                0.17408885061740875
            ],
            [
                0.6147664785385132,
                0.56674724817276,
                0.12517572939395905
            ],
            [
                0.5778557062149048,
                0.5411199331283569,
                0.09573891758918762
            ],
            [
                0.5546298027038574,
                0.408892959356308,
                0.10325999557971954
            ],
            [
                0.5754357576370239,
                0.5158289074897766,
                0.07397373765707016
            ],
            [
                0.5458993911743164,
                0.36312147974967957,
                0.0914030596613884
            ],
            [
                0.5650527477264404,
                0.5021510720252991,
                0.07171961665153503
            ],
            [
                0.5288707613945007,
                0.3625769019126892,
                0.10985951125621796
            ],
            [
                0.5679976940155029,
                0.5143580436706543,
                0.09227900952100754
            ],
            [
                0.5296958088874817,
                0.37821099162101746,
                0.10860218852758408
            ],
            [
                0.7475141882896423,
                0.7209384441375732,
                -0.01568126492202282
            ],
            [
                0.748501181602478,
                0.7280297875404358,
                0.015435593202710152
            ],
            [
                0.9785542488098145,
                0.7259030938148499,
                -0.027717405930161476
            ],
            [
                0.9905033111572266,
                0.701691210269928,
                -0.020599592477083206
            ],
            [
                1.1314716339111328,
                0.7048192620277405,
                0.21827559173107147
            ],
            [
                1.158575415611267,
                0.727318525314331,
                0.17677544057369232
            ],
            [
                1.1532442569732666,
                0.6970462799072266,
                0.24609176814556122
            ],
            [
                1.17451012134552,
                0.7250770330429077,
                0.19921612739562988
            ],
            [
                1.1778898239135742,
                0.7154400944709778,
                0.2033325880765915
            ],
            [
                1.2277307510375977,
                0.7389696836471558,
                0.12751643359661102
            ]
        ]
    },
    "YeahNiceOne.e7f0a0fb-f292-11ef-9008-f12211979da4.jpeg": {
        "pose": [
            [
                0.5230504274368286,
                0.6127294898033142,
                0.46684232354164124
            ],
            [
                0.5184817910194397,
                0.627056896686554,
                0.4555967450141907
            ],
            [
                0.5170232057571411,
                0.6348146200180054,
                0.45550674200057983
            ],
            [
                0.5157889723777771,
                0.6425768733024597,
                0.4550265371799469
            ],
            [
                0.5232952833175659,
                0.6142667531967163,
                0.4368089735507965
            ],
            [
                0.5249318480491638,
                0.6126931309700012,
                0.4369615614414215
            ],
            [
                0.5263170003890991,
                0.6109967827796936,
                0.43654125928878784
            ],
            [
                0.5116991996765137,
                0.6835017800331116,
                0.37123292684555054
            ],
            [
                0.5291429758071899,
                0.639316976070404,
                0.28351834416389465
            ],
            [
                0.5227307081222534,
                0.642198920249939,
                0.4346328377723694
            ],
            [
                0.5276381969451904,
                0.6302188634872437,
                0.40789341926574707
            ],
            [
                0.5278500318527222,
                0.7617009282112122,
                0.2394997775554657
            ],
            [
                0.5524464249610901,
                0.6842904686927795,
                0.1909167468547821
            ],
            [
                0.580045223236084,
                0.7283759713172913,
                0.37092751264572144
            ],
            [
                0.6104004383087158,
                0.5444729328155518,
                0.11426975578069687
            ],
            [
                0.5609756708145142,
                0.6322095990180969,
                0.4696151316165924
            ],
            [
                0.549130380153656,
                0.38146841526031494,
                0.16129282116889954
            ],
            [
                0.556943416595459,
                0.6105123162269592,
                0.46451205015182495
            ],
            [
                0.5433022975921631,
                0.32635512948036194,
                0.17469613254070282
            ],
            [
                0.5423771142959595,
                0.6033813953399658,
                0.47137007117271423
            ],
            [
                0.5322195291519165,
                0.3293735086917877,
                0.1824987679719925
            ],
            [
                0.5450553297996521,
                0.6134039163589478,
                0.47446709871292114
            ],
            [
                0.5326197147369385,
                0.344687819480896,
                0.16831985116004944
            ],
            [
                0.7220358848571777,
                0.6979932188987732,
                -0.007751052733510733
            ],
            [
                0.7101661562919617,
                0.6972237229347229,
                0.008037959225475788
            ],
            [
                0.9782112240791321,
                0.6592620015144348,
                0.06511302292346954
            ],
            [
                0.9811073541641235,
                0.7262118458747864,
                0.14954237639904022
            ],
            [
                1.1980500221252441,
                0.6300608515739441,
                0.2439344823360443
            ],
            [
                1.2044646739959717,
                0.679473340511322,
                0.36841344833374023
            ],
            [
                1.2325960397720337,
                0.6175078749656677,
                0.2600201964378357
            ],
            [
                1.2302929162979126,
                0.6693958044052124,
                0.3899918496608734
            ],
            [
                1.2501099109649658,
                0.6554731726646423,
                0.133954718708992
            ],
            [
                1.2743128538131714,
                0.679219663143158,
                0.2400776892900467
            ]
        ]
    },
    "YeahNiceOne.e924ff45-f292-11ef-ac89-f12211979da4.jpeg": {
        "pose": [
            [
                0.521152138710022,
                0.5890243053436279,
                -0.8693731427192688
            ],
            [
                0.5273593068122864,
                0.5898004174232483,
                -0.9132183790206909
            ],
            [
                0.5264923572540283,
                0.5969744324684143,
                -0.913195013999939
            ],
            [
                0.5257750153541565,
                0.6039745211601257,
                -0.913554847240448
            ],
            [
                0.5313565135002136,
                0.5763493180274963,
                -0.9334794282913208
            ],
            [
                0.5328279733657837,
                0.5748617649078369,
                -0.9337251782417297
            ],
            [
                0.5343078374862671,
                0.5735631585121155,
                -0.933975338935852
            ],
            [
                0.5274426341056824,
                0.6450473666191101,
                -0.8796399235725403
            ],
            [
                0.5409582853317261,
                0.6019903421401978,
                -0.9732259511947632
            ],
            [
                0.5195568799972534,
                0.6266173720359802,
                -0.8280037641525269
            ],
            [
                0.5217273235321045,
                0.6124871373176575,
                -0.8558371663093567
            ],
            [
                0.5390541553497314,
                0.7380010485649109,
                -0.6205246448516846
            ],
            [
                0.5824555158615112,
                0.6866280436515808,
                -0.7482619881629944
            ],
            [
                0.5875611305236816,
                0.6827186942100525,
                -0.2306704968214035
            ],
            [
                0.6416212320327759,
                0.49081313610076904,
                -0.5251011848449707
            ],
            [
                0.5733080506324768,
                0.5587389469146729,
                -0.05126079171895981
            ],
            [
                0.5651781558990479,
                0.2809964716434479,
                -0.36632049083709717
            ],
            [
                0.565601646900177,
                0.5371695756912231,
                -0.04504478722810745
            ],
            [
                0.5649257302284241,
                0.22576576471328735,
                -0.3829862177371979
            ],
            [
                0.5661516785621643,
                0.5040225982666016,
                -0.09602367877960205
            ],
            [
                0.5511670112609863,
                0.23529353737831116,
                -0.3994234800338745
            ],
            [
                0.5681816339492798,
                0.5153446793556213,
                -0.06370962411165237
            ],
            [
                0.5518393516540527,
                0.2571939527988434,
                -0.3644395172595978
            ],
            [
                0.7878255248069763,
                0.6538580656051636,
                0.007257957011461258
            ],
            [
                0.7892506718635559,
                0.6650641560554504,
                -0.007331630680710077
            ],
            [
                0.9437028765678406,
                0.6713361144065857,
                0.3825889527797699
            ],
            [
                0.9490736126899719,
                0.6835530400276184,
                0.36300984025001526
            ],
            [
                1.0975931882858276,
                0.6208506226539612,
                0.9994842410087585
            ],
            [
                1.1400848627090454,
                0.6546033024787903,
                0.8827789425849915
            ],
            [
                1.1109488010406494,
                0.6137412190437317,
                1.0633233785629272
            ],
            [
                1.155425786972046,
                0.6490603089332581,
                0.9373378753662109
            ],
            [
                1.137709379196167,
                0.6091217398643494,
                0.9888182878494263
            ],
            [
                1.199878454208374,
                0.6406028866767883,
                0.8209627270698547
            ]
        ]
    },
    "YeahNiceOne.ea577bde-f292-11ef-b6d0-f12211979da4.jpeg": {}
}